AvailabilityZone,BilledCost,BillingAccountId,BillingAccountName,BillingAccountType,BillingCurrency,BillingPeriodEnd,BillingPeriodStart,ChargeCategory,ChargeDescription,ChargeFrequency,ChargePeriodEnd,ChargePeriodStart,ChargeSubcategory,CommitmentDiscountCategory,CommitmentDiscountId,CommitmentDiscountName,CommitmentDiscountType,EffectiveCost,InvoiceIssuerName,ListCost,ListUnitPrice,PricingCategory,PricingQuantity,PricingUnit,ProviderName,PublisherName,Region,ResourceId,ResourceName,ResourceType,ServiceCategory,ServiceName,SkuId,SkuPriceId,SubAccountId,SubAccountName,SubAccountType,Tags,UsageQuantity,UsageUnit,x_AccountName,x_AccountOwnerId,x_BilledCostInUsd,x_BilledUnitPrice,x_BillingAccountId,x_BillingAccountName,x_BillingExchangeRate,x_BillingExchangeRateDate,x_BillingProfileId,x_BillingProfileName,x_ChargeId,x_CostAllocationRuleName,x_CostCenter,x_CustomerId,x_CustomerName,x_EffectiveCostInUsd,x_EffectiveUnitPrice,x_InvoiceId,x_InvoiceIssuerId,x_InvoiceSectionId,x_InvoiceSectionName,x_OnDemandCost,x_OnDemandCostInUsd,x_OnDemandUnitPrice,x_PartnerCreditApplied,x_PartnerCreditRate,x_PricingBlockSize,x_PricingCurrency,x_PricingSubcategory,x_PricingUnitDescription,x_PublisherCategory,x_PublisherId,x_ResellerId,x_ResellerName,x_ResourceGroupName,x_ResourceType,x_ServicePeriodEnd,x_ServicePeriodStart,x_SkuDescription,x_SkuDetails,x_SkuIsCreditEligible,x_SkuMeterCategory,x_SkuMeterId,x_SkuMeterName,x_SkuMeterSubcategory,x_SkuOfferId,x_SkuOrderId,x_SkuOrderName,x_SkuPartNumber,x_SkuRegion,x_SkuServiceFamily,x_SkuTerm,x_SkuTier
,0.483870967741936,/providers/Microsoft.Billing/billingAccounts/1844103,Trey Research Demo (DO NOT USE),Billing Account,USD,2024-07-01T00:00Z,2024-06-01T00:00Z,Usage,Microsoft Defender for SQL - Standard Node,Usage-Based,2024-06-08T00:00Z,2024-06-07T00:00Z,On-Demand,,,,,0.483870967741936,Microsoft,0.483870967741935,15,On-Demand,0.032258064516129,Units/Month,Microsoft,Microsoft,Central US,/subscriptions/7a791768-9f91-55d1-934e-183293918895/resourceGroups/example-dtl-DTLWeb-161069/providers/Microsoft.Sql/servers/a7q-a7q5gy-db,a7q-a7q5gy-db,SQL server,Databases,Azure SQL Database,1494710,1494710,/subscriptions/7a791768-9f91-55d1-934e-183293918895,Trey Research R&D Playground,Subscription,"{""org"": ""trey"",""costanalysis-parent"": ""http://subscriptions/7a791768-9f91-55d1-934e-052943426047/resourcegroups/devtestlab/providers/microsoft.devtestlab/labs/example-dtl/environments/example-dtl-DTLWeb-128359"",""CostCenter"": ""1234"","" org"": ""trey"",""CostAllocationTest"": ""Sameer"",""env"": ""prod"",""hidden-DevTestLabs-LabUId"": ""075ac868-86d0-5c1c-b497-61f69b5f923c""}",0.032258064516129,Units/Month,ACM Team,user-dddba4ef10@example.invalid,,15,1844103,Trey Research Demo (DO NOT USE),1,2024-06-01T00:00Z,1844103,Trey Research Demo (DO NOT USE),,SameerRuleWithTag,ACM9000,,,,15,,,113561,ACM,0.483870967741935,,15,,,1,USD,Standard,1/Month,Cloud Provider,Microsoft,,,example-dtl-DTLWeb-128359,Microsoft.Sql/servers,,,Microsoft Defender for SQL - Standard Node,"{""ServiceType"":""SQLThreatDetection"",""ResourceCategory"":""SQLThreatDetection""}",True,Microsoft Defender for Cloud,0226ff74-b49f-54ea-8a80-e72efed860ed,Standard Node,SQL Database,MS-AZR-0148P,,,AAA-54514,,,,
,0.025,/providers/Microsoft.Billing/billingAccounts/1844103,Trey Research Demo (DO NOT USE),Billing Account,USD,2024-07-01T00:00Z,2024-06-01T00:00Z,Usage,Load Balancer - Standard Included LB Rules and Outbound Rules,Usage-Based,2024-06-08T00:00Z,2024-06-07T00:00Z,On-Demand,,,,,0.025,Microsoft,0.025,0.025,On-Demand,1,Hours,Microsoft,Microsoft,East US 2,/subscriptions/7a791768-9f91-55d1-934e-183293918895/resourceGroups/devtestlab/providers/Microsoft.MachineLearningServices/workspaces/zmltestplayground,zmltestplayground,Azure Machine Learning workspace,AI and Machine Learning,Azure Machine Learning,1347980,1347980,/subscriptions/7a791768-9f91-55d1-934e-183293918895,Trey Research R&D Playground,Subscription,"{""ComputeType"": ""Compute Instance"","" org"": ""trey"",""CostAllocationTest"": ""Sameer""}",1,Hours,ACM Team,user-dddba4ef10@example.invalid,,0.025,1844103,Trey Research Demo (DO NOT USE),1,2024-06-01T00:00Z,1844103,Trey Research Demo (DO NOT USE),,SameerRuleWithTag,ACM9000,,,,0.025,,,113561,ACM,0.025,,0.025,,,1,USD,Standard,1 Hour,Cloud Provider,Microsoft,,,devtestlab,Microsoft.MachineLearningServices/workspaces,,,Load Balancer - Standard Included LB Rules and Outbound Rules,"{""AccountName"":""bai52238044515004711258a"",""PoolName"":""sentinel_0c4216ff-a799-4681-96e4-1a64ad037202"",""ConfigType"":""VirtualMachine"",""NodeType"":""Dedicated"",""PoolAllocationMode"":""BatchService"",""UsageType"":""loadbalancers"",""ClusterType"":""DSI"",""AmlWorkspaceId"":""83fbd782-a30d-5c81-812c-f500651c8456"",""AMLResourceType"":""Provisioner.Batch"",""SourceEventId"":""08014c7b-3b81-5b44-b617-2a20572ca816"",""SourceResourceProvider"":""Batch"",""HostSubscriptionId"":""14bc7948-da10-5282-a239-02ae153f75a6"",""EmittingService"":""Machine Learning Service - Non DSVM"",""Processor_Version"":""BillingProcessorV2""}",True,Load Balancer,3a30614e-5a0e-5fe3-b270-6251f439020d,Standard Included LB Rules and Outbound Rules,Standard,MS-AZR-0148P,,,AAA-21856,,,,
,0.000016,/providers/Microsoft.Billing/billingAccounts/1844103,Trey Research Demo (DO NOT USE),Billing Account,USD,2024-07-01T00:00Z,2024-06-01T00:00Z,Usage,Microsoft Defender for Storage - Standard Transactions,Usage-Based,2024-06-08T00:00Z,2024-06-07T00:00Z,On-Demand,,,,,0.000016,Microsoft,0.000016,0.02,On-Demand,0.00000008,Units,Microsoft,Microsoft,East US,/subscriptions/7a791768-9f91-55d1-934e-183293918895/resourceGroups/ftk-integration-tests/providers/Microsoft.Storage/storageAccounts/d7939f0fb6fa4070bca89a6e,d7939f0fb6fa4070bca89a6e,Storage account,Storage,Storage Accounts,303250119,303250119,/subscriptions/7a791768-9f91-55d1-934e-183293918895,Trey Research R&D Playground,Subscription,"{""org"": ""trey"",""Project"": ""Foo"",""CostCenter"": ""1234"","" org"": ""trey"",""env"": ""prod"",""CostAllocationTest"": ""Sameer""}",0.00080000,Units,ACM Team,user-dddba4ef10@example.invalid,,0.02,1844103,Trey Research Demo (DO NOT USE),1,2024-06-01T00:00Z,1844103,Trey Research Demo (DO NOT USE),,SameerRuleWithTag,ACM9000,,,,0.02,,,113561,ACM,0.0000000016,,0.02,,,10000,USD,Standard,10K,Cloud Provider,Microsoft,,,ftk-integration-tests,Microsoft.Storage/storageAccounts,,,Microsoft Defender for Storage - Standard Transactions,"{""Cloud"":""Azure"",""StorageService"":""Blob""}",True,Microsoft Defender for Cloud,6545fff8-e12b-5858-87df-f23c42b38ea6,Standard Transactions,Storage,MS-AZR-0148P,,,AAA-97331,,,,
,0.000012,/providers/Microsoft.Billing/billingAccounts/1844103,Trey Research Demo (DO NOT USE),Billing Account,USD,2024-07-01T00:00Z,2024-06-01T00:00Z,Usage,Microsoft Defender for Storage - Standard Transactions,Usage-Based,2024-06-07T00:00Z,2024-06-06T00:00Z,On-Demand,,,,,0.000012,Microsoft,0.000012,0.02,On-Demand,0.00000006,Units,Microsoft,Microsoft,Central US,/subscriptions/7a791768-9f91-55d1-934e-183293918895/resourceGroups/mtdben/providers/Microsoft.Storage/storageAccounts/mtdben,mtdben,Storage account,Storage,Storage Accounts,303250119,303250119,/subscriptions/7a791768-9f91-55d1-934e-183293918895,Trey Research R&D Playground,Subscription,"{""org"": ""trey"","" org"": ""trey"",""env"": ""prod"",""CostAllocationTest"": ""Sameer""}",0.00060000,Units,ACM Team,user-dddba4ef10@example.invalid,,0.02,1844103,Trey Research Demo (DO NOT USE),1,2024-06-01T00:00Z,1844103,Trey Research Demo (DO NOT USE),,SameerRuleWithTag,ACM9000,,,,0.02,,,113561,ACM,0.0000000012,,0.02,,,10000,USD,Standard,10K,Cloud Provider,Microsoft,,,mtdben,Microsoft.Storage/storageAccounts,,,Microsoft Defender for Storage - Standard Transactions,"{""Cloud"":""Azure"",""StorageService"":""Files""}",True,Microsoft Defender for Cloud,6545fff8-e12b-5858-87df-f23c42b38ea6,Standard Transactions,Storage,MS-AZR-0148P,,,AAA-97331,,,,
,-0.000044,/providers/Microsoft.Billing/billingAccounts/1844103,Trey Research Demo (DO NOT USE),Billing Account,USD,2024-07-01T00:00Z,2024-06-01T00:00Z,Usage,Tiered Block Blob - LRS - List and Create Container Operations - US West,Usage-Based,2024-06-07T00:00Z,2024-06-06T00:00Z,On-Demand,,,,,-0.000044,Microsoft,-0.0000440,0.055,On-Demand,-0.00000008,Units,Microsoft,Microsoft,West US,/subscriptions/eb0e8306-8441-5385-8f11-d0f7dbbc8110/resourceGroups/cloud-shell-storage-westus/providers/Microsoft.Storage/storageAccounts/cs410033fff80d3c535,cs410033fff80d3c535,Storage account,Storage,Storage Accounts,3182009,3182009,/subscriptions/eb0e8306-8441-5385-8f11-d0f7dbbc8110,Trey Research Corporate,Subscription,"{""CostCenter"": ""1234"",""Cost department"": ""Marketing"",""ms-resource-usage"": ""azure-cloud-shell"",""env"": ""prod"",""org"": ""trey"",""Project"": ""Foo""}",-0.00080000,Units,ACM Team,user-dddba4ef10@example.invalid,,0.055,1844103,Trey Research Demo (DO NOT USE),1,2024-06-01T00:00Z,1844103,Trey Research Demo (DO NOT USE),,PartnerCommunityDemo,ACM9000,,,,0.055,,,113561,ACM,-0.00000000440,,0.055,,,10000,USD,Standard,10K,Cloud Provider,Microsoft,,,cloud-shell-storage-westus,Microsoft.Storage/storageAccounts,,,Tiered Block Blob - LRS - List and Create Container Operations - US West,,True,Storage,6e094874-d1e3-5888-a799-1995a4c23a84,LRS List and Create Container Operations,Tiered Block Blob,MS-AZR-0017P,,,AAD-37045,US West,,,
,-0.000004,/providers/Microsoft.Billing/billingAccounts/1844103,Trey Research Demo (DO NOT USE),Billing Account,USD,2024-07-01T00:00Z,2024-06-01T00:00Z,Usage,Tiered Block Blob - All Other Operations - US East,Usage-Based,2024-06-04T00:00Z,2024-06-03T00:00Z,On-Demand,,,,,-0.000004,Microsoft,-0.000004,0.004,On-Demand,-0.0000001,Units,Microsoft,Microsoft,East US,/subscriptions/7a791768-9f91-55d1-934e-183293918895/resourceGroups/ftk-integration-tests/providers/Microsoft.Storage/storageAccounts/737c2bbd3c3e44f99682690d,737c2bbd3c3e44f99682690d,Storage account,Storage,Storage Accounts,9007992,9007992,/subscriptions/7a791768-9f91-55d1-934e-183293918895,Trey Research R&D Playground,Subscription,"{""CostCenter"": ""1234"",""CostAllocationTest"": ""Sameer"",""env"": ""prod"",""org"": ""trey"",""Project"": ""Foo""}",-0.0010000,Units,ACM Team,user-dddba4ef10@example.invalid,,0.004,1844103,Trey Research Demo (DO NOT USE),1,2024-06-01T00:00Z,1844103,Trey Research Demo (DO NOT USE),,SameerRuleWithTag,ACM9000,,,,0.004,,,113561,ACM,-0.0000000004,,0.004,,,10000,USD,Standard,10K,Cloud Provider,Microsoft,,,ftk-integration-tests,Microsoft.Storage/storageAccounts,,,Tiered Block Blob - All Other Operations - US East,,True,Storage,2c2b91da-831a-5261-9634-b8081bc7a5ce,All Other Operations,Tiered Block Blob,MS-AZR-0148P,,,AAA-70098,US East,,,
,0.000005256,/providers/Microsoft.Billing/billingAccounts/1844103,Trey Research Demo (DO NOT USE),Billing Account,USD,2024-07-01T00:00Z,2024-06-01T00:00Z,Usage,Tables - Batch Write Operations,Usage-Based,2024-06-04T00:00Z,2024-06-03T00:00Z,On-Demand,,,,,0.000005256,Microsoft,0.000005256,0.00036,On-Demand,0.00000146,Units,Microsoft,Microsoft,East US,/subscriptions/7a791768-9f91-55d1-934e-183293918895/resourceGroups/ftk-integration-tests/providers/Microsoft.Storage/storageAccounts/6c049102cd944511a804e5a5,6c049102cd944511a804e5a5,Storage account,Storage,Storage Accounts,1532608,1532608,/subscriptions/7a791768-9f91-55d1-934e-183293918895,Trey Research R&D Playground,Subscription,"{""CostCenter"": ""1234"",""CostAllocationTest"": ""Sameer"",""env"": ""prod"",""org"": ""trey"",""Project"": ""Foo""}",0.01460000,Units,ACM Team,user-dddba4ef10@example.invalid,,0.00036,1844103,Trey Research Demo (DO NOT USE),1,2024-06-01T00:00Z,1844103,Trey Research Demo (DO NOT USE),,,ACM9000,,,,0.00036,,,113561,ACM,0.0000000005256,,0.00036,,,10000,USD,Standard,10K,Cloud Provider,Microsoft,,,ftk-integration-tests,Microsoft.Storage/storageAccounts,,,Tables - Batch Write Operations,,True,Storage,ea86ecd8-111a-5a44-9ed1-1bc5d8fe41dd,Batch Write Operations,Tables,MS-AZR-0148P,,,N9H-00758,,,,
,0.000005256,/providers/Microsoft.Billing/billingAccounts/1844103,Trey Research Demo (DO NOT USE),Billing Account,USD,2024-07-01T00:00Z,2024-06-01T00:00Z,Usage,Tables - Batch Write Operations,Usage-Based,2024-06-02T00:00Z,2024-06-01T00:00Z,On-Demand,,,,,0.000005256,Microsoft,0.000005256,0.00036,On-Demand,0.00000146,Units,Microsoft,Microsoft,Central US,/subscriptions/7a791768-9f91-55d1-934e-183293918895/resourceGroups/mtdben/providers/Microsoft.Storage/storageAccounts/mtdben,mtdben,Storage account,Storage,Storage Accounts,1532608,1532608,/subscriptions/7a791768-9f91-55d1-934e-183293918895,Trey Research R&D Playground,Subscription,"{""org"": ""trey"","" org"": ""trey"",""env"": ""prod"",""CostAllocationTest"": ""Sameer""}",0.01460000,Units,ACM Team,user-dddba4ef10@example.invalid,,0.00036,1844103,Trey Research Demo (DO NOT USE),1,2024-06-01T00:00Z,1844103,Trey Research Demo (DO NOT USE),,SameerRuleWithTag,ACM9000,,,,0.00036,,,113561,ACM,0.0000000005256,,0.00036,,,10000,USD,Standard,10K,Cloud Provider,Microsoft,,,mtdben,Microsoft.Storage/storageAccounts,,,Tables - Batch Write Operations,,True,Storage,ea86ecd8-111a-5a44-9ed1-1bc5d8fe41dd,Batch Write Operations,Tables,MS-AZR-0148P,,,N9H-00758,,,,
,-0.000024,/providers/Microsoft.Billing/billingAccounts/1844103,Trey Research Demo (DO NOT USE),Billing Account,USD,2024-07-01T00:00Z,2024-06-01T00:00Z,Usage,Microsoft Defender for Storage - Standard Transactions,Usage-Based,2024-06-02T00:00Z,2024-06-01T00:00Z,On-Demand,,,,,-0.000024,Microsoft,-0.000024,0.02,On-Demand,-0.00000012,Units,Microsoft,Microsoft,East US,/subscriptions/7a791768-9f91-55d1-934e-183293918895/resourceGroups/ftk-integration-tests/providers/Microsoft.Storage/storageAccounts/7bc4d7c0bec94d8895b9ff83,7bc4d7c0bec94d8895b9ff83,Storage account,Storage,Storage Accounts,303250119,303250119,/subscriptions/7a791768-9f91-55d1-934e-183293918895,Trey Research R&D Playground,Subscription,"{""CostCenter"": ""1234"",""CostAllocationTest"": ""Sameer"",""env"": ""prod"",""org"": ""trey"",""Project"": ""Foo""}",-0.00120000,Units,ACM Team,user-dddba4ef10@example.invalid,,0.02,1844103,Trey Research Demo (DO NOT USE),1,2024-06-01T00:00Z,1844103,Trey Research Demo (DO NOT USE),,SameerRuleWithTag,ACM9000,,,,0.02,,,113561,ACM,-0.0000000024,,0.02,,,10000,USD,Standard,10K,Cloud Provider,Microsoft,,,ftk-integration-tests,Microsoft.Storage/storageAccounts,,,Microsoft Defender for Storage - Standard Transactions,"{""Cloud"":""Azure"",""StorageService"":""Blob""}",True,Microsoft Defender for Cloud,6545fff8-e12b-5858-87df-f23c42b38ea6,Standard Transactions,Storage,MS-AZR-0148P,,,AAA-97331,,,,
,0.3216,/providers/Microsoft.Billing/billingAccounts/1844103,Trey Research Demo (DO NOT USE),Billing Account,USD,2024-07-01T00:00Z,2024-06-01T00:00Z,Usage,Microsoft Defender for Storage - Standard Node,Usage-Based,2024-06-02T00:00Z,2024-06-01T00:00Z,On-Demand,,,,,0.3216,Microsoft,0.3216,0.0134,On-Demand,24,Units/Hour,Microsoft,Microsoft,East US,/subscriptions/eb0e8306-8441-5385-8f11-d0f7dbbc8110/resourceGroups/AnalyticsEngine/providers/Microsoft.Storage/storageAccounts/sqlvazrcgtstlsqjag,sqlvazrcgtstlsqjag,Storage account,Storage,Storage Accounts,921146785,921146785,/subscriptions/f45d828e-047b-5cfe-b619-9edc433ddb92,Trey Research IT,Subscription,"{""CostCenter"": ""1234"",""ms:Department"": ""test"",""Cost department"": ""Marketing"",""env"": ""prod"",""org"": ""trey"",""Project"": ""Foo""}",24,Units/Hour,ACM Team,user-dddba4ef10@example.invalid,,0.0134,1844103,Trey Research Demo (DO NOT USE),1,2024-06-01T00:00Z,1844103,Trey Research Demo (DO NOT USE),,PartnerCommunityDemo,ACM9000,,,,0.0134,,,113561,ACM,0.3216,,0.0134,,,1,USD,Standard,1/Hour,Cloud Provider,Microsoft,,,AnalyticsEngine,Microsoft.Storage/storageAccounts,,,Microsoft Defender for Storage - Standard Node,"{""Cloud"":""Azure""}",True,Microsoft Defender for Cloud,42091cd5-f1d1-52c6-9d89-5f92c8190f0e,Standard Node,Storage,MS-AZR-0017P,,,AAM-85821,,,,
,0.000005256,/providers/Microsoft.Billing/billingAccounts/1844103,Trey Research Demo (DO NOT USE),Billing Account,USD,2024-07-01T00:00Z,2024-06-01T00:00Z,Usage,Tables - Batch Write Operations,Usage-Based,2024-06-15T00:00Z,2024-06-14T00:00Z,On-Demand,,,,,0.000005256,Microsoft,0.000005256,0.00036,On-Demand,0.00000146,Units,Microsoft,Microsoft,UK West,/subscriptions/7a791768-9f91-55d1-934e-183293918895/resourceGroups/AdamHourlyExportTest/providers/Microsoft.Storage/storageAccounts/adamhourlyexporttestdiag,adamhourlyexporttestdiag,Storage account,Storage,Storage Accounts,1532608,1532608,/subscriptions/7a791768-9f91-55d1-934e-183293918895,Trey Research R&D Playground,Subscription,"{""org"": ""trey"",""Project"": ""Foo"",""CostCenter"": ""1234"","" org"": ""trey"",""env"": ""prod"",""CostAllocationTest"": ""Sameer""}",0.01460000,Units,ACM Team,user-dddba4ef10@example.invalid,,0.00036,1844103,Trey Research Demo (DO NOT USE),1,2024-06-01T00:00Z,1844103,Trey Research Demo (DO NOT USE),,SameerRuleWithTag,ACM9000,,,,0.00036,,,113561,ACM,0.0000000005256,,0.00036,,,10000,USD,Standard,10K,Cloud Provider,Microsoft,,,AdamHourlyExportTest,Microsoft.Storage/storageAccounts,,,Tables - Batch Write Operations,,True,Storage,ea86ecd8-111a-5a44-9ed1-1bc5d8fe41dd,Batch Write Operations,Tables,MS-AZR-0148P,,,N9H-00758,,,,
,-0.00003,/providers/Microsoft.Billing/billingAccounts/1844103,Trey Research Demo (DO NOT USE),Billing Account,USD,2024-07-01T00:00Z,2024-06-01T00:00Z,Usage,Tiered Block Blob - LRS - List and Create Container Operations - US East,Usage-Based,2024-06-15T00:00Z,2024-06-14T00:00Z,On-Demand,,,,,-0.00003,Microsoft,-0.000030,0.05,On-Demand,-0.00000006,Units,Microsoft,Microsoft,East US,/subscriptions/7a791768-9f91-55d1-934e-183293918895/resourceGroups/ftk-integration-tests/providers/Microsoft.Storage/storageAccounts/eeacb023a55c49218279f154,eeacb023a55c49218279f154,Storage account,Storage,Storage Accounts,6679783,6679783,/subscriptions/7a791768-9f91-55d1-934e-183293918895,Trey Research R&D Playground,Subscription,"{""CostCenter"": ""1234"",""CostAllocationTest"": ""Sameer"",""env"": ""prod"",""org"": ""trey"",""Project"": ""Foo""}",-0.00060000,Units,ACM Team,user-dddba4ef10@example.invalid,,0.05,1844103,Trey Research Demo (DO NOT USE),1,2024-06-01T00:00Z,1844103,Trey Research Demo (DO NOT USE),,SameerRuleWithTag,ACM9000,,,,0.05,,,113561,ACM,-0.0000000030,,0.05,,,10000,USD,Standard,10K,Cloud Provider,Microsoft,,,ftk-integration-tests,Microsoft.Storage/storageAccounts,,,Tiered Block Blob - LRS - List and Create Container Operations - US East,,True,Storage,c356d95d-4a2b-51ee-951c-6606d883db4f,LRS List and Create Container Operations,Tiered Block Blob,MS-AZR-0148P,,,AAD-37040,US East,,,
,0.000007155,/providers/Microsoft.Billing/billingAccounts/1844103,Trey Research Demo (DO NOT USE),Billing Account,USD,2024-07-01T00:00Z,2024-06-01T00:00Z,Usage,Tables - LRS Data Stored,Usage-Based,2024-06-05T00:00Z,2024-06-04T00:00Z,On-Demand,,,,,0.000007155,Microsoft,0.000007155,0.045,On-Demand,0.000159,GB/Month,Microsoft,Microsoft,East US,/subscriptions/7a791768-9f91-55d1-934e-183293918895/resourceGroups/DevTestLab/providers/Microsoft.Storage/storageAccounts/ccmuxintegrationtets,ccmuxintegrationtets,Storage account,Storage,Storage Accounts,5344926,5344926,/subscriptions/7a791768-9f91-55d1-934e-183293918895,Trey Research R&D Playground,Subscription,"{""org"": ""trey"","" org"": ""trey"",""env"": ""prod"",""CostAllocationTest"": ""Sameer""}",0.000159,GB/Month,ACM Team,user-dddba4ef10@example.invalid,,0.045,1844103,Trey Research Demo (DO NOT USE),1,2024-06-01T00:00Z,1844103,Trey Research Demo (DO NOT USE),,SameerRuleWithTag,ACM9000,,,,0.045,,,113561,ACM,0.000007155,,0.045,,,1,USD,Standard,1 GB/Month,Cloud Provider,Microsoft,,,DevTestLab,Microsoft.Storage/storageAccounts,,,Tables - LRS Data Stored,,True,Storage,96c47302-60d6-59bb-8c96-81d51e8e8bf3,LRS Data Stored,Tables,MS-AZR-0148P,,,N9H-00637,,,,
,-0.006695,/providers/Microsoft.Billing/billingAccounts/1844103,Trey Research Demo (DO NOT USE),Billing Account,USD,2024-07-01T00:00Z,2024-06-01T00:00Z,Usage,Standard SSD Managed Disks - E4 - LRS - Disk Operations,Usage-Based,2024-06-09T00:00Z,2024-06-08T00:00Z,On-Demand,,,,,-0.006695,Microsoft,-0.0066950,0.002,On-Demand,-0.00033475,Units,Microsoft,Microsoft,East US,/subscriptions/eb0e8306-8441-5385-8f11-d0f7dbbc8110/resourceGroups/MC_AKSTESTINGRG_EATESTCLUSTER3_EASTUS/providers/Microsoft.Compute/disks/pvc-14336ce8-eddd-54a2-925f-39336f498a26,pvc-14336ce8-eddd-54a2-925f-39336f498a26,Disk,Compute,Virtual Machines,7626575,7626575,/subscriptions/eb0e8306-8441-5385-8f11-d0f7dbbc8110,Trey Research Corporate,Subscription,"{""aks-managed-cluster-name"": ""eatestCluster3"",""aks-managed-cluster-rg"": ""akstestingrg"",""CostCenter"": ""1234"",""env"": ""prod"",""org"": ""trey"",""Cost department"": ""Marketing"",""k8s-azure-created-by"": ""kubernetes-azure-dd"",""kubernetes.io-created-for-pv-name"": ""pvc-14336ce8-eddd-54a2-925f-39336f498a26"",""kubernetes.io-created-for-pvc-name"": ""cost-analysis-agent-prometheus-server"",""kubernetes.io-created-for-pvc-namespace"": ""kube-system""}",-3.34750000,Units,ACM Team,user-dddba4ef10@example.invalid,,0.002,1844103,Trey Research Demo (DO NOT USE),1,2024-06-01T00:00Z,1844103,Trey Research Demo (DO NOT USE),,PartnerCommunityDemo,ACM9000,,,,0.002,,,113561,ACM,-0.00000066950,,0.002,,,10000,USD,Standard,10K,Cloud Provider,Microsoft,,,MC_AKSTESTINGRG_EATESTCLUSTER3_EASTUS,Microsoft.Compute/disks,,,Standard SSD Managed Disks - E4 - LRS - Disk Operations,,True,Storage,b12f43b9-4329-5883-8aef-02446debdbd7,E4 LRS Disk Operations,Standard SSD Managed Disks,MS-AZR-0017P,,,AAD-26003,,,,
,3.504,/providers/Microsoft.Billing/billingAccounts/1844103,Trey Research Demo (DO NOT USE),Billing Account,USD,2024-07-01T00:00Z,2024-06-01T00:00Z,Usage,Virtual Machines Dv2/DSv2 Series - D2 v2/DS2 v2 - US Central,Usage-Based,2024-06-09T00:00Z,2024-06-08T00:00Z,On-Demand,,,,,3.504,Microsoft,3.504,0.146,On-Demand,24,Hours,Microsoft,Microsoft,Central US,/subscriptions/eb0e8306-8441-5385-8f11-d0f7dbbc8110/resourceGroups/MC_RG_NAME_CLUSTER_NAME_CENTRALUS/providers/Microsoft.Compute/virtualMachineScaleSets/aks-agentpool-41345428-vmss,aks-agentpool-41981281-vmss,Virtual machine scale set,Compute,Virtual Machine Scale Sets,1496002,1496002,/subscriptions/f45d828e-047b-5cfe-b619-9edc433ddb92,Trey Research IT,Subscription,"{""aks-managed-cluster-name"": ""Cluster_Name"",""aks-managed-cluster-rg"": ""RG_Name"",""CostCenter"": ""1234"",""env"": ""prod"",""org"": ""trey"",""Cost department"": ""Marketing"",""aks-managed-consolidated-additional-properties"": ""dc5aae38-649e-5049-82be-5c777697df0b"",""aks-managed-createOperationID"": """",""aks-managed-creationSource"": ""vmssclient-aks-agentpool-41981281-vmss"",""aks-managed-kubeletIdentityClientID"": ""618a49c5-9301-5618-a35c-1aa5ab17834d"",""aks-managed-operationID"": ""5248f573-9269-5048-8cc4-73e3a4c7ab04"",""aks-managed-orchestrator"": ""Kubernetes:1.20.9"",""aks-managed-poolName"": ""agentpool"",""aks-managed-resourceNameSuffix"": ""41981281"",""aks-managed-ssh-access"": ""LocalUser"",""orchestrator"": ""Kubernetes:1.20.9"",""poolName"": ""agentpool""}",24,Hours,ACM Team,user-dddba4ef10@example.invalid,,0.146,1844103,Trey Research Demo (DO NOT USE),1,2024-06-01T00:00Z,1844103,Trey Research Demo (DO NOT USE),,PartnerCommunityDemo,ACM9000,,,,0.146,,,113561,ACM,3.504,,0.146,,,1,USD,Standard,1 Hour,Cloud Provider,Microsoft,,,MC_RG_NAME_CLUSTER_NAME_CENTRALUS,Microsoft.Compute/virtualMachineScaleSets,,,Virtual Machines Dv2/DSv2 Series - D2 v2/DS2 v2 - US Central,"{""UsageType"":""ComputeHR"",""ImageType"":""Canonical"",""ServiceType"":""Standard_DS2_v2"",""VMName"":""aks-agentpool-41981281-vmss_15"",""VMProperties"":""Microsoft.AKS.Compute.AKS.Linux.Billing"",""VCPUs"":2,""ConsumedQuantity"":1.0}",True,Virtual Machines,db8c3d5a-7921-58cd-8e9b-4a0f5400e840,D2 v2/DS2 v2,Dv2/DSv2 Series,MS-AZR-0017P,,,997-02782,US Central,,,
,0.000004,/providers/Microsoft.Billing/billingAccounts/1844103,Trey Research Demo (DO NOT USE),Billing Account,USD,2024-07-01T00:00Z,2024-06-01T00:00Z,Usage,Tiered Block Blob - All Other Operations - US East,Usage-Based,2024-06-09T00:00Z,2024-06-08T00:00Z,On-Demand,,,,,0.000004,Microsoft,0.000004,0.004,On-Demand,0.0000001,Units,Microsoft,Microsoft,East US,/subscriptions/7a791768-9f91-55d1-934e-183293918895/resourceGroups/ftk-integration-tests/providers/Microsoft.Storage/storageAccounts/b160ce392ba74cd1bc957a27,b160ce392ba74cd1bc957a27,Storage account,Storage,Storage Accounts,9007992,9007992,/subscriptions/7a791768-9f91-55d1-934e-183293918895,Trey Research R&D Playground,Subscription,"{""org"": ""trey"",""Project"": ""Foo"",""CostCenter"": ""1234"","" org"": ""trey"",""env"": ""prod"",""CostAllocationTest"": ""Sameer""}",0.0010000,Units,ACM Team,user-dddba4ef10@example.invalid,,0.004,1844103,Trey Research Demo (DO NOT USE),1,2024-06-01T00:00Z,1844103,Trey Research Demo (DO NOT USE),,SameerRuleWithTag,ACM9000,,,,0.004,,,113561,ACM,0.0000000004,,0.004,,,10000,USD,Standard,10K,Cloud Provider,Microsoft,,,ftk-integration-tests,Microsoft.Storage/storageAccounts,,,Tiered Block Blob - All Other Operations - US East,,True,Storage,2c2b91da-831a-5261-9634-b8081bc7a5ce,All Other Operations,Tiered Block Blob,MS-AZR-0148P,,,AAA-70098,US East,,,
,0.00000648,/providers/Microsoft.Billing/billingAccounts/1844103,Trey Research Demo (DO NOT USE),Billing Account,USD,2024-07-01T00:00Z,2024-06-01T00:00Z,Usage,Tables - LRS Data Stored,Usage-Based,2024-06-09T00:00Z,2024-06-08T00:00Z,On-Demand,,,,,0.00000648,Microsoft,0.000006480,0.045,On-Demand,0.000144,GB/Month,Microsoft,Microsoft,East US,/subscriptions/7a791768-9f91-55d1-934e-183293918895/resourceGroups/ftk-integration-tests/providers/Microsoft.Storage/storageAccounts/c29ca73675b5429eaba37b6c,c29ca73675b5429eaba37b6c,Storage account,Storage,Storage Accounts,5344926,5344926,/subscriptions/7a791768-9f91-55d1-934e-183293918895,Trey Research R&D Playground,Subscription,"{""org"": ""trey"",""Project"": ""Foo"",""CostCenter"": ""1234"","" org"": ""trey"",""env"": ""prod"",""CostAllocationTest"": ""Sameer""}",0.000144,GB/Month,ACM Team,user-dddba4ef10@example.invalid,,0.045,1844103,Trey Research Demo (DO NOT USE),1,2024-06-01T00:00Z,1844103,Trey Research Demo (DO NOT USE),,SameerRuleWithTag,ACM9000,,,,0.045,,,113561,ACM,0.000006480,,0.045,,,1,USD,Standard,1 GB/Month,Cloud Provider,Microsoft,,,ftk-integration-tests,Microsoft.Storage/storageAccounts,,,Tables - LRS Data Stored,,True,Storage,96c47302-60d6-59bb-8c96-81d51e8e8bf3,LRS Data Stored,Tables,MS-AZR-0148P,,,N9H-00637,,,,
,0.00004176,/providers/Microsoft.Billing/billingAccounts/1844103,Trey Research Demo (DO NOT USE),Billing Account,USD,2024-07-01T00:00Z,2024-06-01T00:00Z,Usage,Tiered Block Blob - Index Tags - US East,Usage-Based,2024-06-09T00:00Z,2024-06-08T00:00Z,On-Demand,,,,,0.00004176,Microsoft,0.00004176,0.03,On-Demand,0.0000001392,Units/Month,Microsoft,Microsoft,East US,/subscriptions/eb0e8306-8441-5385-8f11-d0f7dbbc8110/resourceGroups/AnalyticsEngine/providers/Microsoft.Storage/storageAccounts/sqlvazrcgtstlsqjag,sqlvazrcgtstlsqjag,Storage account,Storage,Storage Accounts,238297031,238297031,/subscriptions/f45d828e-047b-5cfe-b619-9edc433ddb92,Trey Research IT,Subscription,"{""CostCenter"": ""1234"",""ms:Department"": ""test"",""Cost department"": ""Marketing"",""env"": ""prod"",""org"": ""trey"",""Project"": ""Foo""}",0.0013920000,Units/Month,ACM Team,user-dddba4ef10@example.invalid,,0.03,1844103,Trey Research Demo (DO NOT USE),1,2024-06-01T00:00Z,1844103,Trey Research Demo (DO NOT USE),,PartnerCommunityDemo,ACM9000,,,,0.03,,,113561,ACM,0.000000004176,,0.03,,,10000,USD,Standard,10K/Month,Cloud Provider,Microsoft,,,AnalyticsEngine,Microsoft.Storage/storageAccounts,,,Tiered Block Blob - Index Tags - US East,,True,Storage,3126a6b1-d666-5ae2-af9d-884682e18516,Index Tags,Tiered Block Blob,MS-AZR-0017P,,,AAF-78617,US East,,,
,0.00999936,/providers/Microsoft.Billing/billingAccounts/1844103,Trey Research Demo (DO NOT USE),Billing Account,USD,2024-07-01T00:00Z,2024-06-01T00:00Z,Usage,Files - LRS Data Stored,Usage-Based,2024-06-09T00:00Z,2024-06-08T00:00Z,On-Demand,,,,,0.00999936,Microsoft,0.00999936,0.06,On-Demand,0.166656,GB/Month,Microsoft,Microsoft,West US,/subscriptions/e8ffc2ae-41c5-554a-8c9c-3a1e30ea1a15/resourceGroups/cloud-shell-storage-westus/providers/Microsoft.Storage/storageAccounts/cs41003200082685d93,cs41003200082685d93,Storage account,Storage,Storage Accounts,5278095,5278095,/subscriptions/e8ffc2ae-41c5-554a-8c9c-3a1e30ea1a15,Trey Research Finance,Subscription,"{""CostCenter"": ""1234"",""ms-resource-usage"": ""azure-cloud-shell"",""env"": ""prod"",""org"": ""trey""}",0.166656,GB/Month,ACM Team,user-dddba4ef10@example.invalid,,0.06,1844103,Trey Research Demo (DO NOT USE),1,2024-06-01T00:00Z,1844103,Trey Research Demo (DO NOT USE),,,ACM9000,,,,0.06,,,113561,ACM,0.00999936,,0.06,,,1,USD,Standard,1 GB/Month,Cloud Provider,Microsoft,,,cloud-shell-storage-westus,Microsoft.Storage/storageAccounts,,,Files - LRS Data Stored,,True,Storage,9110e321-c9eb-57bd-a4d1-cae27004faa2,LRS Data Stored,Files,MS-AZR-0017P,,,N9H-00069,,,,
,-0.000004,/providers/Microsoft.Billing/billingAccounts/1844103,Trey Research Demo (DO NOT USE),Billing Account,USD,2024-07-01T00:00Z,2024-06-01T00:00Z,Usage,Tiered Block Blob - All Other Operations - US East,Usage-Based,2024-06-09T00:00Z,2024-06-08T00:00Z,On-Demand,,,,,-0.000004,Microsoft,-0.000004,0.004,On-Demand,-0.0000001,Units,Microsoft,Microsoft,East US,/subscriptions/7a791768-9f91-55d1-934e-183293918895/resourceGroups/ftk-integration-tests/providers/Microsoft.Storage/storageAccounts/e94c4351b9aa4b87b33d67c7,e94c4351b9aa4b87b33d67c7,Storage account,Storage,Storage Accounts,9007992,9007992,/subscriptions/7a791768-9f91-55d1-934e-183293918895,Trey Research R&D Playground,Subscription,"{""CostCenter"": ""1234"",""CostAllocationTest"": ""Sameer"",""env"": ""prod"",""org"": ""trey"",""Project"": ""Foo""}",-0.0010000,Units,ACM Team,user-dddba4ef10@example.invalid,,0.004,1844103,Trey Research Demo (DO NOT USE),1,2024-06-01T00:00Z,1844103,Trey Research Demo (DO NOT USE),,SameerRuleWithTag,ACM9000,,,,0.004,,,113561,ACM,-0.0000000004,,0.004,,,10000,USD,Standard,10K,Cloud Provider,Microsoft,,,ftk-integration-tests,Microsoft.Storage/storageAccounts,,,Tiered Block Blob - All Other Operations - US East,,True,Storage,2c2b91da-831a-5261-9634-b8081bc7a5ce,All Other Operations,Tiered Block Blob,MS-AZR-0148P,,,AAA-70098,US East,,,
,-0.00001,/providers/Microsoft.Billing/billingAccounts/1844103,Trey Research Demo (DO NOT USE),Billing Account,USD,2024-07-01T00:00Z,2024-06-01T00:00Z,Usage,Tiered Block Blob - LRS - List and Create Container Operations - US East,Usage-Based,2024-06-10T00:00Z,2024-06-09T00:00Z,On-Demand,,,,,-0.00001,Microsoft,-0.000010,0.05,On-Demand,-0.00000002,Units,Microsoft,Microsoft,East US,/subscriptions/7a791768-9f91-55d1-934e-183293918895/resourceGroups/ftk-integration-tests/providers/Microsoft.Storage/storageAccounts/28d43c2dc8b24d3fbe41f1e2,28d43c2dc8b24d3fbe41f1e2,Storage account,Storage,Storage Accounts,6679783,6679783,/subscriptions/7a791768-9f91-55d1-934e-183293918895,Trey Research R&D Playground,Subscription,"{""CostCenter"": ""1234"",""CostAllocationTest"": ""Sameer"",""env"": ""prod"",""org"": ""trey"",""Project"": ""Foo""}",-0.00020000,Units,ACM Team,user-dddba4ef10@example.invalid,,0.05,1844103,Trey Research Demo (DO NOT USE),1,2024-06-01T00:00Z,1844103,Trey Research Demo (DO NOT USE),,SameerRuleWithTag,ACM9000,,,,0.05,,,113561,ACM,-0.0000000010,,0.05,,,10000,USD,Standard,10K,Cloud Provider,Microsoft,,,ftk-integration-tests,Microsoft.Storage/storageAccounts,,,Tiered Block Blob - LRS - List and Create Container Operations - US East,,True,Storage,c356d95d-4a2b-51ee-951c-6606d883db4f,LRS List and Create Container Operations,Tiered Block Blob,MS-AZR-0148P,,,AAD-37040,US East,,,
,0.000005256,/providers/Microsoft.Billing/billingAccounts/1844103,Trey Research Demo (DO NOT USE),Billing Account,USD,2024-07-01T00:00Z,2024-06-01T00:00Z,Usage,Tables - Batch Write Operations,Usage-Based,2024-06-10T00:00Z,2024-06-09T00:00Z,On-Demand,,,,,0.000005256,Microsoft,0.000005256,0.00036,On-Demand,0.00000146,Units,Microsoft,Microsoft,East US,/subscriptions/7a791768-9f91-55d1-934e-183293918895/resourceGroups/ftk-integration-tests/providers/Microsoft.Storage/storageAccounts/7849b3c6f49c461abda85240,7849b3c6f49c461abda85240,Storage account,Storage,Storage Accounts,1532608,1532608,/subscriptions/7a791768-9f91-55d1-934e-183293918895,Trey Research R&D Playground,Subscription,"{""CostCenter"": ""1234"",""CostAllocationTest"": ""Sameer"",""env"": ""prod"",""org"": ""trey"",""Project"": ""Foo""}",0.01460000,Units,ACM Team,user-dddba4ef10@example.invalid,,0.00036,1844103,Trey Research Demo (DO NOT USE),1,2024-06-01T00:00Z,1844103,Trey Research Demo (DO NOT USE),,,ACM9000,,,,0.00036,,,113561,ACM,0.0000000005256,,0.00036,,,10000,USD,Standard,10K,Cloud Provider,Microsoft,,,ftk-integration-tests,Microsoft.Storage/storageAccounts,,,Tables - Batch Write Operations,,True,Storage,ea86ecd8-111a-5a44-9ed1-1bc5d8fe41dd,Batch Write Operations,Tables,MS-AZR-0148P,,,N9H-00758,,,,
,0.0000024,/providers/Microsoft.Billing/billingAccounts/1844103,Trey Research Demo (DO NOT USE),Billing Account,USD,2024-07-01T00:00Z,2024-06-01T00:00Z,Usage,Queues v2 - LRS - Class 1 Operations - US East,Usage-Based,2024-06-10T00:00Z,2024-06-09T00:00Z,On-Demand,,,,,0.0000024,Microsoft,0.0000024,0.004,On-Demand,0.00000006,Units,Microsoft,Microsoft,East US,/subscriptions/eb0e8306-8441-5385-8f11-d0f7dbbc8110/resourceGroups/AnalyticsEngine/providers/Microsoft.Storage/storageAccounts/sqlvazrcgtstlsqjag,sqlvazrcgtstlsqjag,Storage account,Storage,Storage Accounts,1083568,1083568,/subscriptions/eb0e8306-8441-5385-8f11-d0f7dbbc8110,Trey Research Corporate,Subscription,"{""CostCenter"": ""1234"",""ms:Department"": ""test"",""Cost department"": ""Marketing"",""env"": ""prod"",""org"": ""trey"",""Project"": ""Foo""}",0.00060000,Units,ACM Team,user-dddba4ef10@example.invalid,,0.004,1844103,Trey Research Demo (DO NOT USE),1,2024-06-01T00:00Z,1844103,Trey Research Demo (DO NOT USE),,,ACM9000,,,,0.004,,,113561,ACM,0.00000000024,,0.004,,,10000,USD,Standard,10K,Cloud Provider,Microsoft,,,AnalyticsEngine,Microsoft.Storage/storageAccounts,,,Queues v2 - LRS - Class 1 Operations - US East,,True,Storage,08542e1f-7e31-5aa1-a42b-1919b782b61e,LRS Class 1 Operations,Queues v2,MS-AZR-0017P,,,AAA-71362,US East,,,
,-0.025,/providers/Microsoft.Billing/billingAccounts/1844103,Trey Research Demo (DO NOT USE),Billing Account,USD,2024-07-01T00:00Z,2024-06-01T00:00Z,Usage,Load Balancer - Standard Included LB Rules and Outbound Rules,Usage-Based,2024-06-12T00:00Z,2024-06-11T00:00Z,On-Demand,,,,,-0.025,Microsoft,-0.025,0.025,On-Demand,-1,Hours,Microsoft,Microsoft,East US 2,/subscriptions/7a791768-9f91-55d1-934e-183293918895/resourceGroups/devtestlab/providers/Microsoft.MachineLearningServices/workspaces/zmltestplayground,zmltestplayground,Azure Machine Learning workspace,AI and Machine Learning,Azure Machine Learning,1347980,1347980,/subscriptions/7a791768-9f91-55d1-934e-183293918895,Trey Research R&D Playground,Subscription,"{""CostAllocationTest"": ""Sameer"",""ComputeType"": ""Compute Instance""}",-1,Hours,ACM Team,user-dddba4ef10@example.invalid,,0.025,1844103,Trey Research Demo (DO NOT USE),1,2024-06-01T00:00Z,1844103,Trey Research Demo (DO NOT USE),,SameerRuleWithTag,ACM9000,,,,0.025,,,113561,ACM,-0.025,,0.025,,,1,USD,Standard,1 Hour,Cloud Provider,Microsoft,,,devtestlab,Microsoft.MachineLearningServices/workspaces,,,Load Balancer - Standard Included LB Rules and Outbound Rules,"{""AccountName"":""bai52238044515004711258a"",""PoolName"":""sentinel_0c4216ff-a799-4681-96e4-1a64ad037202"",""ConfigType"":""VirtualMachine"",""NodeType"":""Dedicated"",""PoolAllocationMode"":""BatchService"",""UsageType"":""loadbalancers"",""ClusterType"":""DSI"",""AmlWorkspaceId"":""83fbd782-a30d-5c81-812c-f500651c8456"",""AMLResourceType"":""Provisioner.Batch"",""SourceEventId"":""43a8c795-d049-5f16-ba32-5640801c81f8"",""SourceResourceProvider"":""Batch"",""HostSubscriptionId"":""14bc7948-da10-5282-a239-02ae153f75a6"",""EmittingService"":""Machine Learning Service - Non DSVM"",""Processor_Version"":""BillingProcessorV2""}",True,Load Balancer,3a30614e-5a0e-5fe3-b270-6251f439020d,Standard Included LB Rules and Outbound Rules,Standard,MS-AZR-0148P,,,AAA-21856,,,,
,-0.0000016,/providers/Microsoft.Billing/billingAccounts/1844103,Trey Research Demo (DO NOT USE),Billing Account,USD,2024-07-01T00:00Z,2024-06-01T00:00Z,Usage,Bandwidth Inter-Region - Intra Continent Data Transfer Out - North America,Usage-Based,2024-06-20T00:00Z,2024-06-19T00:00Z,On-Demand,,,,,-0.0000016,Microsoft,-0.0000016,0.02,On-Demand,-0.00008,GB,Microsoft,Microsoft,West US,/subscriptions/7a791768-9f91-55d1-934e-183293918895/resourceGroups/pulkit-test-rg/providers/Microsoft.Storage/storageAccounts/exportfirewallstorage,exportfirewallstorage,Storage account,Storage,Storage Accounts,357999429,357999429,/subscriptions/7a791768-9f91-55d1-934e-183293918895,Trey Research R&D Playground,Subscription,"{""CostCenter"": ""1234"",""CostAllocationTest"": ""Sameer"",""env"": ""prod"",""org"": ""trey"",""Project"": ""Foo""}",-0.00008,GB,ACM Team,user-dddba4ef10@example.invalid,,0.02,1844103,Trey Research Demo (DO NOT USE),1,2024-06-01T00:00Z,1844103,Trey Research Demo (DO NOT USE),,SameerRuleWithTag,ACM9000,,,,0.02,,,113561,ACM,-0.0000016,,0.02,,,1,USD,Standard,1 GB,Cloud Provider,Microsoft,,,pulkit-test-rg,Microsoft.Storage/storageAccounts,,,Bandwidth Inter-Region - Intra Continent Data Transfer Out - North America,,True,Bandwidth,caf86283-3eca-52f1-a94e-1b825ce7c151,Intra Continent Data Transfer Out,Inter-Region,MS-AZR-0148P,,,AAD-84507,North America,,,
,0.000006,/providers/Microsoft.Billing/billingAccounts/1844103,Trey Research Demo (DO NOT USE),Billing Account,USD,2024-07-01T00:00Z,2024-06-01T00:00Z,Usage,Files - List Operations,Usage-Based,2024-06-20T00:00Z,2024-06-19T00:00Z,On-Demand,,,,,0.000006,Microsoft,0.0000060,0.015,On-Demand,0.00000004,Units,Microsoft,Microsoft,East US,/subscriptions/eb0e8306-8441-5385-8f11-d0f7dbbc8110/resourceGroups/petsupply-rg/providers/Microsoft.Storage/storageAccounts/petsupplylogs,petsupplylogs,Storage account,Storage,Storage Accounts,1271667,1271667,/subscriptions/eb0e8306-8441-5385-8f11-d0f7dbbc8110,Trey Research Corporate,Subscription,"{""CostCenter"": ""1234"",""Cost department"": ""Marketing"",""env"": ""prod"",""org"": ""trey"",""Project"": ""Foo""}",0.00040000,Units,ACM Team,user-dddba4ef10@example.invalid,,0.015,1844103,Trey Research Demo (DO NOT USE),1,2024-06-01T00:00Z,1844103,Trey Research Demo (DO NOT USE),,,ACM9000,,,,0.015,,,113561,ACM,0.00000000060,,0.015,,,10000,USD,Standard,10K,Cloud Provider,Microsoft,,,petsupply-rg,Microsoft.Storage/storageAccounts,,,Files - List Operations,,True,Storage,8c985aea-eec4-50c7-8105-a7198778e45c,List Operations,Files,MS-AZR-0017P,,,N9H-00817,,,,
,0.005,/providers/Microsoft.Billing/billingAccounts/1844103,Trey Research Demo (DO NOT USE),Billing Account,USD,2024-07-01T00:00Z,2024-06-01T00:00Z,Usage,IP Addresses - Standard IPv4 Static Public IP - Dev/Test,Usage-Based,2024-06-06T00:00Z,2024-06-05T00:00Z,On-Demand,,,,,0.005,Microsoft,0.005,0.005,On-Demand,1,Hours,Microsoft,Microsoft,East US 2,/subscriptions/7a791768-9f91-55d1-934e-183293918895/resourceGroups/devtestlab/providers/Microsoft.MachineLearningServices/workspaces/zmltestplayground,zmltestplayground,Azure Machine Learning workspace,AI and Machine Learning,Azure Machine Learning,294814337,294814337,/subscriptions/7a791768-9f91-55d1-934e-183293918895,Trey Research R&D Playground,Subscription,"{""CostAllocationTest"": ""Sameer"",""ComputeType"": ""Compute Instance""}",1,Hours,ACM Team,user-dddba4ef10@example.invalid,,0.005,1844103,Trey Research Demo (DO NOT USE),1,2024-06-01T00:00Z,1844103,Trey Research Demo (DO NOT USE),,,ACM9000,,,,0.005,,,113561,ACM,0.005,,0.005,,,1,USD,Standard,1 Hour,Cloud Provider,Microsoft,,,devtestlab,Microsoft.MachineLearningServices/workspaces,,,IP Addresses - Standard IPv4 Static Public IP - Dev/Test,"{""AccountName"":""bai52238044515004711258a"",""PoolName"":""sentinel_0c4216ff-a799-4681-96e4-1a64ad037202"",""ConfigType"":""VirtualMachine"",""NodeType"":""Dedicated"",""PoolAllocationMode"":""BatchService"",""UsageType"":""publicipaddresses"",""ClusterType"":""DSI"",""AmlWorkspaceId"":""83fbd782-a30d-5c81-812c-f500651c8456"",""AMLResourceType"":""Provisioner.Batch"",""SourceEventId"":""442176aa-1e28-5d46-85bb-de1d42269864"",""SourceResourceProvider"":""Batch"",""HostSubscriptionId"":""14bc7948-da10-5282-a239-02ae153f75a6"",""EmittingService"":""Machine Learning Service - Non DSVM"",""Processor_Version"":""BillingProcessorV2""}",True,Virtual Network,403aa1e7-ba36-53a4-ac8a-8792ee6343a9,Standard IPv4 Static Public IP,IP Addresses,MS-AZR-0148P,,,AAD-84351,,,,
,0.0000048,/providers/Microsoft.Billing/billingAccounts/1844103,Trey Research Demo (DO NOT USE),Billing Account,USD,2024-07-01T00:00Z,2024-06-01T00:00Z,Usage,Tiered Block Blob - All Other Operations - US East,Usage-Based,2024-06-06T00:00Z,2024-06-05T00:00Z,On-Demand,,,,,0.0000048,Microsoft,0.0000048,0.004,On-Demand,0.00000012,Units,Microsoft,Microsoft,East US,/subscriptions/7a791768-9f91-55d1-934e-183293918895/resourceGroups/ftk-integration-tests/providers/Microsoft.Storage/storageAccounts/06cf0fbfc6cd418c8b653b2e,06cf0fbfc6cd418c8b653b2e,Storage account,Storage,Storage Accounts,9007992,9007992,/subscriptions/7a791768-9f91-55d1-934e-183293918895,Trey Research R&D Playground,Subscription,"{""org"": ""trey"",""Project"": ""Foo"",""CostCenter"": ""1234"","" org"": ""trey"",""env"": ""prod"",""CostAllocationTest"": ""Sameer""}",0.00120000,Units,ACM Team,user-dddba4ef10@example.invalid,,0.004,1844103,Trey Research Demo (DO NOT USE),1,2024-06-01T00:00Z,1844103,Trey Research Demo (DO NOT USE),,SameerRuleWithTag,ACM9000,,,,0.004,,,113561,ACM,0.00000000048,,0.004,,,10000,USD,Standard,10K,Cloud Provider,Microsoft,,,ftk-integration-tests,Microsoft.Storage/storageAccounts,,,Tiered Block Blob - All Other Operations - US East,,True,Storage,2c2b91da-831a-5261-9634-b8081bc7a5ce,All Other Operations,Tiered Block Blob,MS-AZR-0148P,,,AAA-70098,US East,,,
,0.096,/providers/Microsoft.Billing/billingAccounts/1844103,Trey Research Demo (DO NOT USE),Billing Account,USD,2024-07-01T00:00Z,2024-06-01T00:00Z,Usage,IP Addresses - Basic IPv4 Dynamic Public IP,Usage-Based,2024-06-06T00:00Z,2024-06-05T00:00Z,On-Demand,,,,,0.096,Microsoft,0.096,0.004,On-Demand,24,Hours,Microsoft,Microsoft,West US 2,/subscriptions/b21e4cb7-00f7-54d6-bd85-1e4382c3bd24/resourcegroups/ahbtest/providers/microsoft.network/publicipaddresses/sqlahbonvm-ip,sqlahbonvm-ip,Public IP address,Networking,Virtual Network,1416810,1416810,/subscriptions/b21e4cb7-00f7-54d6-bd85-1e4382c3bd24,Cost Management Research,Subscription,"{""CostCenter"": ""SubACM""}",24,Hours,ACM Team,user-dddba4ef10@example.invalid,,0.004,1844103,Trey Research Demo (DO NOT USE),1,2024-06-01T00:00Z,1844103,Trey Research Demo (DO NOT USE),,,acm9000,,,,0.004,,,113561,ACM,0.096,,0.004,,,1,USD,Standard,1 Hour,Cloud Provider,Microsoft,,,ahbtest,microsoft.network/publicipaddresses,,,IP Addresses - Basic IPv4 Dynamic Public IP,"{""PlatformType"":""V2-Agg""}",True,Virtual Network,0df0bfd3-1e5b-5822-bcd9-8165986327e0,Basic IPv4 Dynamic Public IP,IP Addresses,MS-AZR-0017P,,,T6Z-00022,,,,
,0.0000864,/providers/Microsoft.Billing/billingAccounts/1844103,Trey Research Demo (DO NOT USE),Billing Account,USD,2024-07-01T00:00Z,2024-06-01T00:00Z,Usage,Tiered Block Blob - GRS - List and Create Container Operations - EU West,Usage-Based,2024-06-14T00:00Z,2024-06-13T00:00Z,On-Demand,,,,,0.0000864,Microsoft,0.0000864,0.108,On-Demand,0.00000008,Units,Microsoft,Microsoft,West Europe,/subscriptions/7a791768-9f91-55d1-934e-183293918895/resourceGroups/DevTestLab/providers/Microsoft.Storage/storageAccounts/teststorageaccount123455,teststorageaccount123455,Storage account,Storage,Storage Accounts,1662181,1662181,/subscriptions/7a791768-9f91-55d1-934e-183293918895,Trey Research R&D Playground,Subscription,"{""org"": ""trey"","" org"": ""trey"",""env"": ""prod"",""CostAllocationTest"": ""Sameer""}",0.00080000,Units,ACM Team,user-dddba4ef10@example.invalid,,0.108,1844103,Trey Research Demo (DO NOT USE),1,2024-06-01T00:00Z,1844103,Trey Research Demo (DO NOT USE),,SameerRuleWithTag,ACM9000,,,,0.108,,,113561,ACM,0.00000000864,,0.108,,,10000,USD,Standard,10K,Cloud Provider,Microsoft,,,DevTestLab,Microsoft.Storage/storageAccounts,,,Tiered Block Blob - GRS - List and Create Container Operations - EU West,,True,Storage,131e5f5d-862c-5f07-9783-8239818298b1,GRS List and Create Container Operations,Tiered Block Blob,MS-AZR-0148P,,,AAD-37062,EU West,,,
,0.000000216,/providers/Microsoft.Billing/billingAccounts/1844103,Trey Research Demo (DO NOT USE),Billing Account,USD,2024-07-01T00:00Z,2024-06-01T00:00Z,Usage,Tables - Read Operations,Usage-Based,2024-06-14T00:00Z,2024-06-13T00:00Z,On-Demand,,,,,0.000000216,Microsoft,0.000000216,0.00036,On-Demand,0.00000006,Units,Microsoft,Microsoft,East US,/subscriptions/7a791768-9f91-55d1-934e-183293918895/resourceGroups/ftk-integration-tests/providers/Microsoft.Storage/storageAccounts/da46a3ed18f74973a38b5a15,da46a3ed18f74973a38b5a15,Storage account,Storage,Storage Accounts,1068692,1068692,/subscriptions/7a791768-9f91-55d1-934e-183293918895,Trey Research R&D Playground,Subscription,"{""org"": ""trey"",""Project"": ""Foo"",""CostCenter"": ""1234"","" org"": ""trey"",""env"": ""prod"",""CostAllocationTest"": ""Sameer""}",0.00060000,Units,ACM Team,user-dddba4ef10@example.invalid,,0.00036,1844103,Trey Research Demo (DO NOT USE),1,2024-06-01T00:00Z,1844103,Trey Research Demo (DO NOT USE),,SameerRuleWithTag,ACM9000,,,,0.00036,,,113561,ACM,0.0000000000216,,0.00036,,,10000,USD,Standard,10K,Cloud Provider,Microsoft,,,ftk-integration-tests,Microsoft.Storage/storageAccounts,,,Tables - Read Operations,,True,Storage,3f0221e5-f48c-598c-863e-3c96ab695733,Read Operations,Tables,MS-AZR-0148P,,,N9H-00805,,,,
,0.00000756,/providers/Microsoft.Billing/billingAccounts/1844103,Trey Research Demo (DO NOT USE),Billing Account,USD,2024-07-01T00:00Z,2024-06-01T00:00Z,Usage,Tables - LRS Data Stored,Usage-Based,2024-06-14T00:00Z,2024-06-13T00:00Z,On-Demand,,,,,0.00000756,Microsoft,0.000007560,0.045,On-Demand,0.000168,GB/Month,Microsoft,Microsoft,East US,/subscriptions/7a791768-9f91-55d1-934e-183293918895/resourceGroups/ftk-integration-tests/providers/Microsoft.Storage/storageAccounts/2ed7606038dc45469f54c922,2ed7606038dc45469f54c922,Storage account,Storage,Storage Accounts,5344926,5344926,/subscriptions/7a791768-9f91-55d1-934e-183293918895,Trey Research R&D Playground,Subscription,"{""CostCenter"": ""1234"",""CostAllocationTest"": ""Sameer"",""env"": ""prod"",""org"": ""trey"",""Project"": ""Foo""}",0.000168,GB/Month,ACM Team,user-dddba4ef10@example.invalid,,0.045,1844103,Trey Research Demo (DO NOT USE),1,2024-06-01T00:00Z,1844103,Trey Research Demo (DO NOT USE),,,ACM9000,,,,0.045,,,113561,ACM,0.000007560,,0.045,,,1,USD,Standard,1 GB/Month,Cloud Provider,Microsoft,,,ftk-integration-tests,Microsoft.Storage/storageAccounts,,,Tables - LRS Data Stored,,True,Storage,96c47302-60d6-59bb-8c96-81d51e8e8bf3,LRS Data Stored,Tables,MS-AZR-0148P,,,N9H-00637,,,,
,-0.000004,/providers/Microsoft.Billing/billingAccounts/1844103,Trey Research Demo (DO NOT USE),Billing Account,USD,2024-07-01T00:00Z,2024-06-01T00:00Z,Usage,Tiered Block Blob - All Other Operations - US East,Usage-Based,2024-06-18T00:00Z,2024-06-17T00:00Z,On-Demand,,,,,-0.000004,Microsoft,-0.000004,0.004,On-Demand,-0.0000001,Units,Microsoft,Microsoft,East US,/subscriptions/7a791768-9f91-55d1-934e-183293918895/resourceGroups/ftk-integration-tests/providers/Microsoft.Storage/storageAccounts/8bf413edd3104ec390098815,8bf413edd3104ec390098815,Storage account,Storage,Storage Accounts,9007992,9007992,/subscriptions/7a791768-9f91-55d1-934e-183293918895,Trey Research R&D Playground,Subscription,"{""CostCenter"": ""1234"",""CostAllocationTest"": ""Sameer"",""env"": ""prod"",""org"": ""trey"",""Project"": ""Foo""}",-0.0010000,Units,ACM Team,user-dddba4ef10@example.invalid,,0.004,1844103,Trey Research Demo (DO NOT USE),1,2024-06-01T00:00Z,1844103,Trey Research Demo (DO NOT USE),,SameerRuleWithTag,ACM9000,,,,0.004,,,113561,ACM,-0.0000000004,,0.004,,,10000,USD,Standard,10K,Cloud Provider,Microsoft,,,ftk-integration-tests,Microsoft.Storage/storageAccounts,,,Tiered Block Blob - All Other Operations - US East,,True,Storage,2c2b91da-831a-5261-9634-b8081bc7a5ce,All Other Operations,Tiered Block Blob,MS-AZR-0148P,,,AAA-70098,US East,,,
,0.000003,/providers/Microsoft.Billing/billingAccounts/1844103,Trey Research Demo (DO NOT USE),Billing Account,USD,2024-07-01T00:00Z,2024-06-01T00:00Z,Usage,Files - List Operations,Usage-Based,2024-06-03T00:00Z,2024-06-02T00:00Z,On-Demand,,,,,0.000003,Microsoft,0.0000030,0.015,On-Demand,0.00000002,Units,Microsoft,Microsoft,East US,/subscriptions/7a791768-9f91-55d1-934e-183293918895/resourceGroups/ftk-integration-tests/providers/Microsoft.Storage/storageAccounts/9a65f8a0e4b643aface0efa2,9a65f8a0e4b643aface0efa2,Storage account,Storage,Storage Accounts,1271667,1271667,/subscriptions/7a791768-9f91-55d1-934e-183293918895,Trey Research R&D Playground,Subscription,"{""org"": ""trey"",""Project"": ""Foo"",""CostCenter"": ""1234"","" org"": ""trey"",""env"": ""prod"",""CostAllocationTest"": ""Sameer""}",0.00020000,Units,ACM Team,user-dddba4ef10@example.invalid,,0.015,1844103,Trey Research Demo (DO NOT USE),1,2024-06-01T00:00Z,1844103,Trey Research Demo (DO NOT USE),,SameerRuleWithTag,ACM9000,,,,0.015,,,113561,ACM,0.00000000030,,0.015,,,10000,USD,Standard,10K,Cloud Provider,Microsoft,,,ftk-integration-tests,Microsoft.Storage/storageAccounts,,,Files - List Operations,,True,Storage,8c985aea-eec4-50c7-8105-a7198778e45c,List Operations,Files,MS-AZR-0148P,,,N9H-00817,,,,
,0.0057888,/providers/Microsoft.Billing/billingAccounts/1844103,Trey Research Demo (DO NOT USE),Billing Account,USD,2024-07-01T00:00Z,2024-06-01T00:00Z,Usage,Standard SSD Managed Disks - E4 - LRS - Disk Operations,Usage-Based,2024-06-03T00:00Z,2024-06-02T00:00Z,On-Demand,,,,,0.0057888,Microsoft,0.005788799999999998,0.002,On-Demand,0.0002894399999999999,Units,Microsoft,Microsoft,East US,/subscriptions/eb0e8306-8441-5385-8f11-d0f7dbbc8110/resourceGroups/MC_AKSCCMEXTENSIBILITYPOC_TEST-CLUSTER-2_EASTUS/providers/Microsoft.Compute/disks/pvc-dd57b1d9-996c-562d-a10e-d5704c93c1ca,pvc-dd57b1d9-996c-562d-a10e-d5704c93c1ca,Disk,Compute,Virtual Machines,7626575,7626575,/subscriptions/eb0e8306-8441-5385-8f11-d0f7dbbc8110,Trey Research Corporate,Subscription,"{""aks-managed-cluster-name"": ""test-cluster-2"",""aks-managed-cluster-rg"": ""aksccmextensibilitypoc"",""CostCenter"": ""1234"",""Project"": ""Foo"",""env"": ""prod"",""org"": ""trey"",""Cost department"": ""Marketing"",""k8s-azure-created-by"": ""kubernetes-azure-dd"",""kubernetes.io-created-for-pv-name"": ""pvc-dd57b1d9-996c-562d-a10e-d5704c93c1ca"",""kubernetes.io-created-for-pvc-name"": ""my-prometheus-server"",""kubernetes.io-created-for-pvc-namespace"": ""prometheus""}",2.8943999999999990000,Units,ACM Team,user-dddba4ef10@example.invalid,,0.002,1844103,Trey Research Demo (DO NOT USE),1,2024-06-01T00:00Z,1844103,Trey Research Demo (DO NOT USE),,,ACM9000,,,,0.002,,,113561,ACM,0.0000005788799999999998,,0.002,,,10000,USD,Standard,10K,Cloud Provider,Microsoft,,,MC_AKSCCMEXTENSIBILITYPOC_TEST-CLUSTER-2_EASTUS,Microsoft.Compute/disks,,,Standard SSD Managed Disks - E4 - LRS - Disk Operations,,True,Storage,b12f43b9-4329-5883-8aef-02446debdbd7,E4 LRS Disk Operations,Standard SSD Managed Disks,MS-AZR-0017P,,,AAD-26003,,,,
,-0.0000728,/providers/Microsoft.Billing/billingAccounts/1844103,Trey Research Demo (DO NOT USE),Billing Account,USD,2024-07-01T00:00Z,2024-06-01T00:00Z,Usage,Standard HDD Managed Disks - S4 - LRS - Disk Operations,Usage-Based,2024-06-03T00:00Z,2024-06-02T00:00Z,On-Demand,,,,,-0.0000728,Microsoft,-0.00007280,0.0005,On-Demand,-0.00001456,Units,Microsoft,Microsoft,East US 2,/subscriptions/7a791768-9f91-55d1-934e-183293918895/resourceGroups/devtestlab/providers/Microsoft.MachineLearningServices/workspaces/zmltestplayground,zmltestplayground,Azure Machine Learning workspace,AI and Machine Learning,Azure Machine Learning,1038723,1038723,/subscriptions/7a791768-9f91-55d1-934e-183293918895,Trey Research R&D Playground,Subscription,"{""CostAllocationTest"": ""Sameer"",""ComputeType"": ""Compute Instance""}",-0.14560000,Units,ACM Team,user-dddba4ef10@example.invalid,,0.0005,1844103,Trey Research Demo (DO NOT USE),1,2024-06-01T00:00Z,1844103,Trey Research Demo (DO NOT USE),,SameerRuleWithTag,ACM9000,,,,0.0005,,,113561,ACM,-0.000000007280,,0.0005,,,10000,USD,Standard,10K,Cloud Provider,Microsoft,,,devtestlab,Microsoft.MachineLearningServices/workspaces,,,Standard HDD Managed Disks - S4 - LRS - Disk Operations,"{""AccountName"":""bai52238044515004711258a"",""PoolName"":""azurepc_84f29f84-4ac2-4286-9879-731da9be5607"",""NodeType"":""Dedicated"",""PoolAllocationMode"":""BatchService"",""UsageType"":""disks"",""ClusterType"":""DSI"",""AmlWorkspaceId"":""83fbd782-a30d-5c81-812c-f500651c8456"",""AMLResourceType"":""Provisioner.Batch"",""SourceEventId"":""af13674d-1e43-51c6-a306-608cc0044e50"",""SourceResourceProvider"":""Batch"",""HostSubscriptionId"":""14bc7948-da10-5282-a239-02ae153f75a6"",""EmittingService"":""Machine Learning Service - Non DSVM"",""Processor_Version"":""BillingProcessorV2""}",True,Storage,c9f3f5cc-dfc1-5c73-8c3d-9a80aed7417b,S4 LRS Disk Operations,Standard HDD Managed Disks,MS-AZR-0148P,,,N9H-01263,,,,
,0,/providers/Microsoft.Billing/billingAccounts/1844103,Trey Research Demo (DO NOT USE),Billing Account,USD,2024-07-01T00:00Z,2024-06-01T00:00Z,Usage,Azure App Service Free Plan - F1,Usage-Based,2024-06-03T00:00Z,2024-06-02T00:00Z,On-Demand,,,,,0,Microsoft,0.000000,0,On-Demand,0.064512,Hours,Microsoft,Microsoft,Central US,/subscriptions/f45d828e-047b-5cfe-b619-9edc433ddb92/resourcegroups/watchtower9/providers/microsoft.web/sites/watchtower9,watchtower9,App Service web app,Web,Azure App Service,1656802,1656802,/subscriptions/f45d828e-047b-5cfe-b619-9edc433ddb92,Trey Research IT,Subscription,"{""env"": ""prod"",""org"": ""trey""}",0.064512,Hours,ACM Team,user-dddba4ef10@example.invalid,,0,1844103,Trey Research Demo (DO NOT USE),1,2024-06-01T00:00Z,1844103,Trey Research Demo (DO NOT USE),,,ACM9000,,,,0,,,113561,ACM,0.000000,,0,,,1,USD,Standard,1 Hour,Cloud Provider,Microsoft,,,watchtower9,microsoft.web/sites,,,Azure App Service Free Plan - F1,"{""AppServicePlanUri"":""/subscriptions/f45d828e-047b-5cfe-b619-9edc433ddb92/resourcegroups/watchtower9/providers/microsoft.web/serverfarms/centralusplan""}",True,Azure App Service,758e4004-87d8-55f4-b03c-af5acffcd441,F1 App,Free Plan,MS-AZR-0017P,,,T2X-00008,,,,
,0.000024,/providers/Microsoft.Billing/billingAccounts/1844103,Trey Research Demo (DO NOT USE),Billing Account,USD,2024-07-01T00:00Z,2024-06-01T00:00Z,Usage,Microsoft Defender for Storage - Standard Transactions,Usage-Based,2024-06-03T00:00Z,2024-06-02T00:00Z,On-Demand,,,,,0.000024,Microsoft,0.000024,0.02,On-Demand,0.00000012,Units,Microsoft,Microsoft,East US,/subscriptions/7a791768-9f91-55d1-934e-183293918895/resourceGroups/ftk-integration-tests/providers/Microsoft.Storage/storageAccounts/2b7e6ef8d799420f9aafb807,2b7e6ef8d799420f9aafb807,Storage account,Storage,Storage Accounts,303250119,303250119,/subscriptions/7a791768-9f91-55d1-934e-183293918895,Trey Research R&D Playground,Subscription,"{""CostCenter"": ""1234"",""CostAllocationTest"": ""Sameer"",""env"": ""prod"",""org"": ""trey"",""Project"": ""Foo""}",0.00120000,Units,ACM Team,user-dddba4ef10@example.invalid,,0.02,1844103,Trey Research Demo (DO NOT USE),1,2024-06-01T00:00Z,1844103,Trey Research Demo (DO NOT USE),,,ACM9000,,,,0.02,,,113561,ACM,0.0000000024,,0.02,,,10000,USD,Standard,10K,Cloud Provider,Microsoft,,,ftk-integration-tests,Microsoft.Storage/storageAccounts,,,Microsoft Defender for Storage - Standard Transactions,"{""Cloud"":""Azure"",""StorageService"":""Blob""}",True,Microsoft Defender for Cloud,6545fff8-e12b-5858-87df-f23c42b38ea6,Standard Transactions,Storage,MS-AZR-0148P,,,AAA-97331,,,,
,0.000005,/providers/Microsoft.Billing/billingAccounts/1844103,Trey Research Demo (DO NOT USE),Billing Account,USD,2024-07-01T00:00Z,2024-06-01T00:00Z,Usage,Tiered Block Blob - LRS - List and Create Container Operations - US East,Usage-Based,2024-06-13T00:00Z,2024-06-12T00:00Z,On-Demand,,,,,0.000005,Microsoft,0.000005,0.05,On-Demand,0.00000001,Units,Microsoft,Microsoft,East US,/subscriptions/7a791768-9f91-55d1-934e-183293918895/resourceGroups/ftk-integration-tests/providers/Microsoft.Storage/storageAccounts/9f0d49ffeb434f4d82de06ed,9f0d49ffeb434f4d82de06ed,Storage account,Storage,Storage Accounts,6679783,6679783,/subscriptions/7a791768-9f91-55d1-934e-183293918895,Trey Research R&D Playground,Subscription,"{""org"": ""trey"",""Project"": ""Foo"",""CostCenter"": ""1234"","" org"": ""trey"",""env"": ""prod"",""CostAllocationTest"": ""Sameer""}",0.00010000,Units,ACM Team,user-dddba4ef10@example.invalid,,0.05,1844103,Trey Research Demo (DO NOT USE),1,2024-06-01T00:00Z,1844103,Trey Research Demo (DO NOT USE),,SameerRuleWithTag,ACM9000,,,,0.05,,,113561,ACM,0.0000000005,,0.05,,,10000,USD,Standard,10K,Cloud Provider,Microsoft,,,ftk-integration-tests,Microsoft.Storage/storageAccounts,,,Tiered Block Blob - LRS - List and Create Container Operations - US East,,True,Storage,c356d95d-4a2b-51ee-951c-6606d883db4f,LRS List and Create Container Operations,Tiered Block Blob,MS-AZR-0148P,,,AAD-37040,US East,,,
,2.774,/providers/Microsoft.Billing/billingAccounts/1844103,Trey Research Demo (DO NOT USE),Billing Account,USD,2024-07-01T00:00Z,2024-06-01T00:00Z,Usage,Virtual Machines Dv2/DSv2 Series - D2 v2/DS2 v2 - US East,Usage-Based,2024-06-13T00:00Z,2024-06-12T00:00Z,On-Demand,,,,,2.774,Microsoft,2.774,0.146,On-Demand,19,Hours,Microsoft,Microsoft,East US,/subscriptions/eb0e8306-8441-5385-8f11-d0f7dbbc8110/resourceGroups/MC_ANALYTICSENGINE_ANALYTICSENGINE_EASTUS/providers/Microsoft.Compute/virtualMachineScaleSets/aks-agentpool-15712442-vmss,aks-agentpool-42850074-vmss,Virtual machine scale set,Compute,Virtual Machine Scale Sets,6905138,6905138,/subscriptions/f45d828e-047b-5cfe-b619-9edc433ddb92,Trey Research IT,Subscription,"{""aks-managed-cluster-name"": ""AnalyticsEngine"",""aks-managed-cluster-rg"": ""AnalyticsEngine"",""CostCenter"": ""1234"",""env"": ""prod"",""org"": ""trey"",""test"": "",,,"",""hidden-managedby"": ""/subscriptions/eb0e8306-8441-5385-8f11-d0f7dbbc8110/resourceGroups/AnalyticsEngine/providers/Microsoft.ContainerService/managedClusters/AnalyticsEngine"",""ccm"": ""ElieTest"",""Cost department"": ""Marketing"",""aks-managed-consolidated-additional-properties"": ""34256a06-b01c-5a6b-a69c-ae92eb390266"",""aks-managed-createOperationID"": """",""aks-managed-creationSource"": ""vmssclient-aks-agentpool-42850074-vmss"",""aks-managed-kubeletIdentityClientID"": ""6a1a6aca-42df-51da-9ad2-7f9434a1e58b"",""aks-managed-operationID"": ""5f096d13-6be3-5991-ac6b-99ff2eab05d8"",""aks-managed-orchestrator"": ""Kubernetes:1.23.8"",""aks-managed-poolName"": ""agentpool"",""aks-managed-resourceNameSuffix"": ""42850074"",""aks-managed-ssh-access"": ""LocalUser"",""orchestrator"": ""Kubernetes:1.20.9"",""poolName"": ""agentpool""}",19,Hours,ACM Team,user-dddba4ef10@example.invalid,,0.146,1844103,Trey Research Demo (DO NOT USE),1,2024-06-01T00:00Z,1844103,Trey Research Demo (DO NOT USE),,PartnerCommunityDemo,ACM9000,,,,0.146,,,113561,ACM,2.774,,0.146,,,1,USD,Standard,1 Hour,Cloud Provider,Microsoft,,,MC_ANALYTICSENGINE_ANALYTICSENGINE_EASTUS,Microsoft.Compute/virtualMachineScaleSets,,,Virtual Machines Dv2/DSv2 Series - D2 v2/DS2 v2 - US East,"{""UsageType"":""ComputeHR"",""ImageType"":""Canonical"",""ServiceType"":""Standard_DS2_v2"",""VMName"":""aks-agentpool-42850074-vmss_1"",""VMProperties"":""Microsoft.AKS.Compute.AKS.Linux.Billing"",""VCPUs"":2,""ConsumedQuantity"":1.0}",True,Virtual Machines,4d7ed6c7-3753-5d52-ba36-fcffd8434007,D2 v2/DS2 v2,Dv2/DSv2 Series,MS-AZR-0017P,,,997-03401,US East,,,
,0.00001,/providers/Microsoft.Billing/billingAccounts/1844103,Trey Research Demo (DO NOT USE),Billing Account,USD,2024-07-01T00:00Z,2024-06-01T00:00Z,Usage,Azure Data Factory v2 - Cloud - Read Write Operations,Usage-Based,2024-06-13T00:00Z,2024-06-12T00:00Z,On-Demand,,,,,0.00001,Microsoft,0.000010,0.5,On-Demand,0.0000000004,Units,Microsoft,Microsoft,West US,/SUBSCRIPTIONS/7a791768-9f91-55d1-934e-183293918895/RESOURCEGROUPS/FTK-MICFLAN-DARKSLATE2/PROVIDERS/MICROSOFT.DATAFACTORY/FACTORIES/FTK-MICFLAN-DARKSLATE2-ENGINE-5PD7GDO37OOZC,FTK-MICFLAN-DARKSLATE2-ENGINE-5PD7GDO37OOZC,Data factory (V2),Integration,Azure Data Factory,1493558,1493558,/subscriptions/7a791768-9f91-55d1-934e-183293918895,Trey Research R&D Playground,Subscription,"{""CostCenter"": ""1234"",""CostAllocationTest"": ""Sameer"",""cm-resource-parent"": ""/subscriptions/7a791768-9f91-55d1-934e-052943426047/resourceGroups/ftk-micflan-darkslate2/providers/Microsoft.Cloud/hubs/ftk-micflan-darkslate2"",""ftk-version"": ""0.2.1"",""ftk-tool"": ""FinOps hubs"",""env"": ""prod"",""org"": ""trey"",""Project"": ""Foo""}",0.0000200000,Units,ACM Team,user-dddba4ef10@example.invalid,,0.5,1844103,Trey Research Demo (DO NOT USE),1,2024-06-01T00:00Z,1844103,Trey Research Demo (DO NOT USE),,,ACM9000,,,,0.5,,,113561,ACM,0.00000000020,,0.5,,,50000,USD,Standard,50K,Cloud Provider,Microsoft,,,FTK-MICFLAN-DARKSLATE2,MICROSOFT.DATAFACTORY/FACTORIES,,,Azure Data Factory v2 - Cloud - Read Write Operations,,True,Azure Data Factory v2,91442d2c-2526-5ecb-a5a1-86e6df7b5fa6,Cloud Read Write Operations,,MS-AZR-0148P,,,AAD-19283,,,,
,-0.000000014584512,/providers/Microsoft.Billing/billingAccounts/1844103,Trey Research Demo (DO NOT USE),Billing Account,USD,2024-07-01T00:00Z,2024-06-01T00:00Z,Usage,Rtn Preference: MGN - Standard Data Transfer Out,Usage-Based,2024-06-17T00:00Z,2024-06-16T00:00Z,On-Demand,,,,,-0.000000014584512,Microsoft,-0.000000014584511481,0.087,On-Demand,-0.000000167638063,GB,Microsoft,Microsoft,East US 2,/subscriptions/7a791768-9f91-55d1-934e-183293918895/resourceGroups/devtestlab/providers/Microsoft.MachineLearningServices/workspaces/zmltestplayground,zmltestplayground,Azure Machine Learning workspace,AI and Machine Learning,Azure Machine Learning,1410233,1410233,/subscriptions/7a791768-9f91-55d1-934e-183293918895,Trey Research R&D Playground,Subscription,"{""CostAllocationTest"": ""Sameer"",""ComputeType"": ""Compute Instance""}",-0.000000167638063,GB,ACM Team,user-dddba4ef10@example.invalid,,0.087,1844103,Trey Research Demo (DO NOT USE),1,2024-06-01T00:00Z,1844103,Trey Research Demo (DO NOT USE),,SameerRuleWithTag,ACM9000,,,,0.087,,,113561,ACM,-0.000000014584511481,,0.087,,,1,USD,Standard,1 GB,Cloud Provider,Microsoft,,,devtestlab,Microsoft.MachineLearningServices/workspaces,,,Rtn Preference: MGN - Standard Data Transfer Out,"{""AccountName"":""bai52238044515004711258a"",""PoolName"":""azurepc_84f29f84-4ac2-4286-9879-731da9be5607"",""ConfigType"":""VirtualMachine"",""NodeType"":""Dedicated"",""PoolAllocationMode"":""BatchService"",""UsageType"":""virtualmachinescalesets"",""ClusterType"":""DSI"",""AmlWorkspaceId"":""83fbd782-a30d-5c81-812c-f500651c8456"",""AMLResourceType"":""Provisioner.Batch"",""SourceEventId"":""4efd8323-ff9a-5173-8656-bfac972fbc8e"",""SourceResourceProvider"":""Batch"",""HostSubscriptionId"":""14bc7948-da10-5282-a239-02ae153f75a6"",""EmittingService"":""Machine Learning Service - Non DSVM"",""Processor_Version"":""BillingProcessorV2""}",True,Bandwidth,3d56f578-14d9-50ea-bac8-408af4db412e,Standard Data Transfer Out,,MS-AZR-0148P,,,Q5H-00003,Zone 1,,,
,0,/providers/Microsoft.Billing/billingAccounts/1844103,Trey Research Demo (DO NOT USE),Billing Account,USD,2024-07-01T00:00Z,2024-06-01T00:00Z,Usage,Microsoft Defender for Storage - Free Transactions,Usage-Based,2024-06-17T00:00Z,2024-06-16T00:00Z,On-Demand,,,,,0,Microsoft,0.000000,0,On-Demand,0.000000000014,Units,Microsoft,Microsoft,North Europe,/subscriptions/eb0e8306-8441-5385-8f11-d0f7dbbc8110/resourceGroups/MinorEnigma/providers/Microsoft.Storage/storageAccounts/minorenigma,minorenigma,Storage account,Storage,Storage Accounts,169356561,169356561,/subscriptions/eb0e8306-8441-5385-8f11-d0f7dbbc8110,Trey Research Corporate,Subscription,"{""Cost department"": ""Marketing"",""cm-resource-parent"": ""/subscriptions/eb0e8306-8441-5385-8f11-d0f7dbbc8110/resourcegroups/minorenigma/providers/microsoft.web/sites/minorenigma"",""env"": ""prod"",""org"": ""trey"",""Project"": ""Foo""}",0.000014000000,Units,ACM Team,user-dddba4ef10@example.invalid,,0,1844103,Trey Research Demo (DO NOT USE),1,2024-06-01T00:00Z,1844103,Trey Research Demo (DO NOT USE),,,ACM9000,,,,0,,,113561,ACM,0.000000000000,,0,,,1000000,USD,Standard,1M,Cloud Provider,Microsoft,,,MinorEnigma,Microsoft.Storage/storageAccounts,,,Microsoft Defender for Storage - Free Transactions,"{""Cloud"":""Azure"",""StorageService"":""Blob""}",True,Microsoft Defender for Cloud,db85a13f-54bb-5268-9b2b-89ff08afbcc8,Free Transactions,Storage,MS-AZR-0017P,,,AAN-32388,,,,
,0.000005256,/providers/Microsoft.Billing/billingAccounts/1844103,Trey Research Demo (DO NOT USE),Billing Account,USD,2024-07-01T00:00Z,2024-06-01T00:00Z,Usage,Tables - Batch Write Operations,Usage-Based,2024-06-19T00:00Z,2024-06-18T00:00Z,On-Demand,,,,,0.000005256,Microsoft,0.000005256,0.00036,On-Demand,0.00000146,Units,Microsoft,Microsoft,East US,/subscriptions/7a791768-9f91-55d1-934e-183293918895/resourceGroups/ftk-integration-tests/providers/Microsoft.Storage/storageAccounts/7849b3c6f49c461abda85240,7849b3c6f49c461abda85240,Storage account,Storage,Storage Accounts,1532608,1532608,/subscriptions/7a791768-9f91-55d1-934e-183293918895,Trey Research R&D Playground,Subscription,"{""CostCenter"": ""1234"",""CostAllocationTest"": ""Sameer"",""env"": ""prod"",""org"": ""trey"",""Project"": ""Foo""}",0.01460000,Units,ACM Team,user-dddba4ef10@example.invalid,,0.00036,1844103,Trey Research Demo (DO NOT USE),1,2024-06-01T00:00Z,1844103,Trey Research Demo (DO NOT USE),,,ACM9000,,,,0.00036,,,113561,ACM,0.0000000005256,,0.00036,,,10000,USD,Standard,10K,Cloud Provider,Microsoft,,,ftk-integration-tests,Microsoft.Storage/storageAccounts,,,Tables - Batch Write Operations,,True,Storage,ea86ecd8-111a-5a44-9ed1-1bc5d8fe41dd,Batch Write Operations,Tables,MS-AZR-0148P,,,N9H-00758,,,,
,-0.00000756,/providers/Microsoft.Billing/billingAccounts/1844103,Trey Research Demo (DO NOT USE),Billing Account,USD,2024-07-01T00:00Z,2024-06-01T00:00Z,Usage,Tables - LRS Data Stored,Usage-Based,2024-06-19T00:00Z,2024-06-18T00:00Z,On-Demand,,,,,-0.00000756,Microsoft,-0.000007560,0.045,On-Demand,-0.000168,GB/Month,Microsoft,Microsoft,East US,/subscriptions/7a791768-9f91-55d1-934e-183293918895/resourceGroups/ftk-integration-tests/providers/Microsoft.Storage/storageAccounts/4f2233b96e254eba9f56a75e,4f2233b96e254eba9f56a75e,Storage account,Storage,Storage Accounts,5344926,5344926,/subscriptions/7a791768-9f91-55d1-934e-183293918895,Trey Research R&D Playground,Subscription,"{""CostCenter"": ""1234"",""CostAllocationTest"": ""Sameer"",""env"": ""prod"",""org"": ""trey"",""Project"": ""Foo""}",-0.000168,GB/Month,ACM Team,user-dddba4ef10@example.invalid,,0.045,1844103,Trey Research Demo (DO NOT USE),1,2024-06-01T00:00Z,1844103,Trey Research Demo (DO NOT USE),,SameerRuleWithTag,ACM9000,,,,0.045,,,113561,ACM,-0.000007560,,0.045,,,1,USD,Standard,1 GB/Month,Cloud Provider,Microsoft,,,ftk-integration-tests,Microsoft.Storage/storageAccounts,,,Tables - LRS Data Stored,,True,Storage,96c47302-60d6-59bb-8c96-81d51e8e8bf3,LRS Data Stored,Tables,MS-AZR-0148P,,,N9H-00637,,,,
,55.2,/providers/Microsoft.Billing/billingAccounts/1844103,Trey Research Demo (DO NOT USE),Billing Account,USD,2024-07-01T00:00Z,2024-06-01T00:00Z,Usage,SSIS Standard D-series v3 VM - D8 v3 AHB,Usage-Based,2024-06-19T00:00Z,2024-06-18T00:00Z,On-Demand,,,,,55.2,Microsoft,55.20,1.15,On-Demand,48,Hours,Microsoft,Microsoft,West US,/SUBSCRIPTIONS/b21e4cb7-00f7-54d6-bd85-1e4382c3bd24/RESOURCEGROUPS/AHBTEST/PROVIDERS/MICROSOFT.DATAFACTORY/FACTORIES/AHBTEST02,AHBTEST02,Data factory (V2),Integration,Azure Data Factory,1512856,1512856,/subscriptions/b21e4cb7-00f7-54d6-bd85-1e4382c3bd24,Cost Management Research,Subscription,"{""CostCenter"": ""SubACM""}",48,Hours,ACM Team,user-dddba4ef10@example.invalid,,1.15,1844103,Trey Research Demo (DO NOT USE),1,2024-06-01T00:00Z,1844103,Trey Research Demo (DO NOT USE),,,acm9000,,,,1.15,,,113561,ACM,55.20,,1.15,,,1,USD,Standard,1 Hour,Cloud Provider,Microsoft,,,AHBTEST,MICROSOFT.DATAFACTORY/FACTORIES,,,SSIS Standard D-series v3 VM - D8 v3 AHB,"{""IntegrationRuntimeName"":""integrationRuntime1-ahb"",""UsageType"":""Compute"",""RegionZone"":""wu""}",True,Azure Data Factory v2,ee0626b0-09ec-51fa-8bc3-637e5a9927d9,D8 v3 AHB,SSIS Standard D-series v3 VM,MS-AZR-0017P,,,AAD-19234,,,,
,-0.000004,/providers/Microsoft.Billing/billingAccounts/1844103,Trey Research Demo (DO NOT USE),Billing Account,USD,2024-07-01T00:00Z,2024-06-01T00:00Z,Usage,Microsoft Defender for Storage - Standard Transactions,Usage-Based,2024-06-20T00:00Z,2024-06-19T00:00Z,On-Demand,,,,,-0.000004,Microsoft,-0.000004,0.02,On-Demand,-0.00000002,Units,Microsoft,Microsoft,East US,/subscriptions/7a791768-9f91-55d1-934e-183293918895/resourceGroups/ftk-integration-tests/providers/Microsoft.Storage/storageAccounts/00c445c7bcb147d1b2fe1295,00c445c7bcb147d1b2fe1295,Storage account,Storage,Storage Accounts,303250119,303250119,/subscriptions/7a791768-9f91-55d1-934e-183293918895,Trey Research R&D Playground,Subscription,"{""CostCenter"": ""1234"",""CostAllocationTest"": ""Sameer"",""env"": ""prod"",""org"": ""trey"",""Project"": ""Foo""}",-0.00020000,Units,ACM Team,user-dddba4ef10@example.invalid,,0.02,1844103,Trey Research Demo (DO NOT USE),1,2024-06-01T00:00Z,1844103,Trey Research Demo (DO NOT USE),,SameerRuleWithTag,ACM9000,,,,0.02,,,113561,ACM,-0.0000000004,,0.02,,,10000,USD,Standard,10K,Cloud Provider,Microsoft,,,ftk-integration-tests,Microsoft.Storage/storageAccounts,,,Microsoft Defender for Storage - Standard Transactions,"{""Cloud"":""Azure"",""StorageService"":""Files""}",True,Microsoft Defender for Cloud,6545fff8-e12b-5858-87df-f23c42b38ea6,Standard Transactions,Storage,MS-AZR-0148P,,,AAA-97331,,,,
,0.000000216,/providers/Microsoft.Billing/billingAccounts/1844103,Trey Research Demo (DO NOT USE),Billing Account,USD,2024-07-01T00:00Z,2024-06-01T00:00Z,Usage,Tables - Read Operations,Usage-Based,2024-06-16T00:00Z,2024-06-15T00:00Z,On-Demand,,,,,0.000000216,Microsoft,0.000000216,0.00036,On-Demand,0.00000006,Units,Microsoft,Microsoft,Central US,/subscriptions/f45d828e-047b-5cfe-b619-9edc433ddb92/resourceGroups/WatchTower9/providers/Microsoft.Storage/storageAccounts/watchtower9,watchtower9,Storage account,Storage,Storage Accounts,1068692,1068692,/subscriptions/f45d828e-047b-5cfe-b619-9edc433ddb92,Trey Research IT,Subscription,"{""env"": ""prod"",""org"": ""trey""}",0.00060000,Units,ACM Team,user-dddba4ef10@example.invalid,,0.00036,1844103,Trey Research Demo (DO NOT USE),1,2024-06-01T00:00Z,1844103,Trey Research Demo (DO NOT USE),,,ACM9000,,,,0.00036,,,113561,ACM,0.0000000000216,,0.00036,,,10000,USD,Standard,10K,Cloud Provider,Microsoft,,,WatchTower9,Microsoft.Storage/storageAccounts,,,Tables - Read Operations,,True,Storage,3f0221e5-f48c-598c-863e-3c96ab695733,Read Operations,Tables,MS-AZR-0017P,,,N9H-00805,,,,
,0,/providers/Microsoft.Billing/billingAccounts/1844103,Trey Research Demo (DO NOT USE),Billing Account,USD,2024-07-01T00:00Z,2024-06-01T00:00Z,Usage,Microsoft Defender for Storage - Free Transactions,Usage-Based,2024-06-16T00:00Z,2024-06-15T00:00Z,On-Demand,,,,,0,Microsoft,0.000000,0,On-Demand,0.000000000006,Units,Microsoft,Microsoft,Canada East,/subscriptions/eb0e8306-8441-5385-8f11-d0f7dbbc8110/resourceGroups/TreyNetwork/providers/Microsoft.Storage/storageAccounts/storshrew,storshrew,Storage account,Storage,Storage Accounts,169356561,169356561,/subscriptions/f45d828e-047b-5cfe-b619-9edc433ddb92,Trey Research IT,Subscription,"{""Cost department"": ""Marketing"",""env"": ""prod"",""org"": ""trey"",""Project"": ""Foo""}",0.000006000000,Units,ACM Team,user-dddba4ef10@example.invalid,,0,1844103,Trey Research Demo (DO NOT USE),1,2024-06-01T00:00Z,1844103,Trey Research Demo (DO NOT USE),,PartnerCommunityDemo,ACM9000,,,,0,,,113561,ACM,0.000000000000,,0,,,1000000,USD,Standard,1M,Cloud Provider,Microsoft,,,TreyNetwork,Microsoft.Storage/storageAccounts,,,Microsoft Defender for Storage - Free Transactions,"{""Cloud"":""Azure"",""StorageService"":""Files""}",True,Microsoft Defender for Cloud,db85a13f-54bb-5268-9b2b-89ff08afbcc8,Free Transactions,Storage,MS-AZR-0017P,,,AAN-32388,,,,
,-0.000004,/providers/Microsoft.Billing/billingAccounts/1844103,Trey Research Demo (DO NOT USE),Billing Account,USD,2024-07-01T00:00Z,2024-06-01T00:00Z,Usage,Tiered Block Blob - All Other Operations - US East,Usage-Based,2024-06-16T00:00Z,2024-06-15T00:00Z,On-Demand,,,,,-0.000004,Microsoft,-0.000004,0.004,On-Demand,-0.0000001,Units,Microsoft,Microsoft,East US,/subscriptions/7a791768-9f91-55d1-934e-183293918895/resourceGroups/ftk-integration-tests/providers/Microsoft.Storage/storageAccounts/436a27c9f0ab42418d1b7dd4,436a27c9f0ab42418d1b7dd4,Storage account,Storage,Storage Accounts,9007992,9007992,/subscriptions/7a791768-9f91-55d1-934e-183293918895,Trey Research R&D Playground,Subscription,"{""CostCenter"": ""1234"",""CostAllocationTest"": ""Sameer"",""env"": ""prod"",""org"": ""trey"",""Project"": ""Foo""}",-0.0010000,Units,ACM Team,user-dddba4ef10@example.invalid,,0.004,1844103,Trey Research Demo (DO NOT USE),1,2024-06-01T00:00Z,1844103,Trey Research Demo (DO NOT USE),,SameerRuleWithTag,ACM9000,,,,0.004,,,113561,ACM,-0.0000000004,,0.004,,,10000,USD,Standard,10K,Cloud Provider,Microsoft,,,ftk-integration-tests,Microsoft.Storage/storageAccounts,,,Tiered Block Blob - All Other Operations - US East,,True,Storage,2c2b91da-831a-5261-9634-b8081bc7a5ce,All Other Operations,Tiered Block Blob,MS-AZR-0148P,,,AAA-70098,US East,,,
